"field","value"
"dataset","inst/extdata/islh-lha.gpkg"
"retrieved_utc","2026-09-24T22:48:20Z"
"boundary_source","BC Data Catalogue record afd021d9-7722-4410-b506-d394c66e74fc"
"boundary_layer","WHSE_ADMIN_BOUNDARIES.BCHA_LOCAL_HEALTH_AREA_SP"
"boundary_url","https://openmaps.gov.bc.ca/geo/pub/wfs?service=WFS&version=2.0.0&request=GetFeature&typeName=pub:WHSE_ADMIN_BOUNDARIES.BCHA_LOCAL_HEALTH_AREA_SP&outputFormat=json&propertyName=LOCAL_HLTH_AREA_CODE,LOCAL_HLTH_AREA_NAME,SHAPE&CQL_FILTER=HLTH_AUTHORITY_NAME=%27Vancouver%20Island%27"
"boundary_md5","NA"
"boundary_bytes","NA"
"population_source","BC Data Catalogue record 86839277-986a-4a29-9f70-fa9b1166f6cb, resource d4bbb2a0-aff7-403f-b52a-a634d05ee70f"
"population_url","https://catalogue.data.gov.bc.ca/dataset/86839277-986a-4a29-9f70-fa9b1166f6cb/resource/d4bbb2a0-aff7-403f-b52a-a634d05ee70f/download/local-health-area-population.csv"
"population_md5","NA"
"population_bytes","NA"
"population_year","2025"
"population_rows","Gender T, Type Estimate"
"crs","EPSG:3005"
"simplification","rmapshaper::ms_simplify(keep = 0.02, keep_shapes = TRUE)"
"licence","Open Government Licence - British Columbia"
"software","NA"
"note","Built by data-raw/build_example_lha.R. The retrieval time is when the GeoPackage layer was written, from its gpkg_contents table. This build did not keep its raw responses, so their hashes, sizes and the software versions are unknown; the next build records them."
